id,source_file,category,subcategory,question_type,difficulty,question,option_a,option_b,option_c,option_d,correct_answer,explanation
S2-SW-001,Forge_Session2_Generated.csv,Indian Armed Forces,Ranks,SingleWord,Easy,The Indian Army's highest active operational rank is ________.,,,,,General,General is the senior-most active operational rank; Field Marshal is a ceremonial five-star rank.
S2-SW-002,Forge_Session2_Generated.csv,Indian Armed Forces,Navy,SingleWord,Medium,The Western Naval Command is headquartered at ________.,,,,,Mumbai,Mumbai hosts India's primary western naval headquarters.
S2-SW-003,Forge_Session2_Generated.csv,Indian Armed Forces,Air Force,SingleWord,Medium,The IAF's helicopter aerobatic display team is called ________.,,,,,Sarang,Sarang performs helicopter aerobatic displays using the indigenous Dhruv helicopter.
S2-SW-004,Forge_Session2_Generated.csv,Military History,Wars,SingleWord,Easy,The 1999 conflict fought in the icy heights of Jammu and Kashmir is known as the ________ War.,,,,,Kargil,Fought between May and July 1999 after infiltration across the LoC.
S2-SW-005,Forge_Session2_Generated.csv,Military History,Operations,SingleWord,Medium,India's 1984 operation to secure the Siachen Glacier was codenamed ________.,,,,,Meghdoot,"Meghdoot means 'cloud messenger', named after a classical Sanskrit poem."
S2-SW-006,Forge_Session2_Generated.csv,Defence Awareness,Gallantry Awards,SingleWord,Easy,India's highest peacetime gallantry award is the ________ Chakra.,,,,,Ashok,Awarded for the most conspicuous bravery away from direct combat with an enemy.
S2-SW-007,Forge_Session2_Generated.csv,Defence Awareness,Organisations,SingleWord,Medium,India's primary defence research body is abbreviated as ________.,,,,,DRDO,Stands for Defence Research and Development Organisation.
S2-SW-008,Forge_Session2_Generated.csv,Geography,Physical Geography,SingleWord,Easy,The southernmost tip of mainland India is called ________.,,,,,Kanyakumari,"Located where the Arabian Sea, Bay of Bengal, and Indian Ocean meet."
S2-SW-009,Forge_Session2_Generated.csv,Geography,Mountains,SingleWord,Medium,The mountain range forming India's northern border is the ________.,,,,,Himalayas,"The world's highest mountain range, spanning several northern states."
S2-SW-010,Forge_Session2_Generated.csv,General Knowledge,National Symbols,SingleWord,Easy,India's national emblem is derived from the Lion Capital at ________.,,,,,Sarnath,Erected by Emperor Ashoka in the 3rd century BCE.
S2-SW-011,Forge_Session2_Generated.csv,Psychology,WAT,SingleWord,Medium,The quality of training people to obey rules or a code of behavior is called ________.,,,,,Discipline,"Discipline is a fundamental trait that ensures order, structure, and operational efficiency."
S2-SW-012,Forge_Session2_Generated.csv,Psychology,WAT,SingleWord,Medium,"The ability to confront fear, pain, danger, or uncertainty is called ________.",,,,,Courage,Courage is essential for military leadership and decision-making under pressure.
S2-SW-013,Forge_Session2_Generated.csv,Officer Like Qualities,OLQ Terms,SingleWord,Medium,The quality of taking action without being told is called ________.,,,,,Initiative,A core OLQ assessed throughout the SSB process.
S2-SW-014,Forge_Session2_Generated.csv,Officer Like Qualities,OLQ Terms,SingleWord,Medium,The ability to adjust to new people and environments is called social ________.,,,,,Adaptability,One of the fifteen Officer Like Qualities assessed at SSB.
S2-SW-015,Forge_Session2_Generated.csv,Logical Thinking,Series,SingleWord,Medium,"In the series 2, 4, 8, 16, ?, the next number is ________.",,,,,32,Each term doubles the previous one.
S2-SW-016,Forge_Session2_Generated.csv,Logical Thinking,Analogy,SingleWord,Easy,Pen is to Write as Knife is to ________.,,,,,Cut,"A knife's primary function is cutting, paralleling a pen's function of writing."
S2-SW-017,Forge_Session2_Generated.csv,Basic Mathematics,Arithmetic,SingleWord,Easy,15% of 200 is ________.,,,,,30,15/100 multiplied by 200 equals 30.
S2-SW-018,Forge_Session2_Generated.csv,Basic Mathematics,Arithmetic,SingleWord,Medium,The square root of 144 is ________.,,,,,12,12 multiplied by itself equals 144.
S2-SW-019,Forge_Session2_Generated.csv,Observation,Detail Recall,SingleWord,Medium,The colour that results from mixing blue and yellow is ________.,,,,,Green,A basic principle of colour mixing in the visible spectrum.
S2-SW-020,Forge_Session2_Generated.csv,General Knowledge,Defence Equipment,SingleWord,Medium,BrahMos is classified as a supersonic ________ missile.,,,,,Cruise,BrahMos travels at nearly three times the speed of sound.
S2-SW-021,Forge_Session2_Generated.csv,Current Affairs,Government Schemes,SingleWord,Medium,The scheme for regional air connectivity in India is called ________.,,,,,UDAN,Stands for 'Ude Desh ka Aam Naagrik'.
S2-NUM-001,Forge_Session2_Generated.csv,Indian Armed Forces,Structure,Numeric,Medium,How many commands in total does the Indian Army have?,,,,,7,The Indian Army has six operational commands and one training command (ARTRAC).
S2-NUM-002,Forge_Session2_Generated.csv,Indian Armed Forces,Structure,Numeric,Medium,How many operational commands does the Indian Navy have?,,,,,3,"The Navy has three commands: Western, Eastern, and Southern Naval Commands."
S2-NUM-003,Forge_Session2_Generated.csv,Indian Armed Forces,Structure,Numeric,Medium,How many operational and functional commands does the Indian Air Force have in total?,,,,,7,Five operational commands plus two functional commands (Training and Maintenance).
S2-NUM-004,Forge_Session2_Generated.csv,Defence Awareness,National Days,Numeric,Easy,On which date in January is Indian Army Day celebrated?,,,,,15,Army Day marks Field Marshal K.M. Cariappa becoming the first Indian Commander-in-Chief in 1949.
S2-NUM-005,Forge_Session2_Generated.csv,Defence Awareness,National Days,Numeric,Easy,On which date in December is Indian Navy Day celebrated?,,,,,4,Navy Day marks Operation Trident's strike on Karachi harbour during the 1971 war.
S2-NUM-006,Forge_Session2_Generated.csv,Defence Awareness,National Days,Numeric,Easy,On which date in October is Indian Air Force Day celebrated?,,,,,8,IAF Day marks the founding of the Indian Air Force in 1932.
S2-NUM-007,Forge_Session2_Generated.csv,Military History,Wars,Numeric,Medium,In what year did the Kargil War take place?,,,,,1999,The Kargil War was fought between May and July 1999.
S2-NUM-008,Forge_Session2_Generated.csv,Military History,Wars,Numeric,Medium,In what year did India and Pakistan fight the war that led to the creation of Bangladesh?,,,,,1971,The war lasted just 13 days on the eastern front before Dhaka fell.
S2-NUM-009,Forge_Session2_Generated.csv,Military History,Wars,Numeric,Medium,In what year was Operation Meghdoot launched to secure the Siachen Glacier?,,,,,1984,India occupied key passes on the glacier ahead of a suspected rival move.
S2-NUM-010,Forge_Session2_Generated.csv,Basic Mathematics,Arithmetic,Numeric,Easy,What is 25% of 400?,,,,,100,25/100 multiplied by 400 equals 100.
S2-NUM-011,Forge_Session2_Generated.csv,Basic Mathematics,Arithmetic,Numeric,Easy,What is the sum of the first five natural numbers?,,,,,15,1+2+3+4+5 equals 15.
S2-NUM-012,Forge_Session2_Generated.csv,Basic Mathematics,Arithmetic,Numeric,Medium,What is 17 multiplied by 6?,,,,,102,A direct multiplication calculation.
S2-NUM-013,Forge_Session2_Generated.csv,Basic Mathematics,Arithmetic,Numeric,Medium,What is the square of 13?,,,,,169,13 multiplied by itself equals 169.
S2-NUM-014,Forge_Session2_Generated.csv,Basic Mathematics,Arithmetic,Numeric,Hard,"What is 144 divided by 12, then multiplied by 5?",,,,,60,"144/12 equals 12, and 12 multiplied by 5 equals 60."
S2-NUM-015,Forge_Session2_Generated.csv,Basic Mathematics,Percentages,Numeric,Medium,A shirt priced at 800 rupees is sold at a 25% discount. What is the discount amount in rupees?,,,,,200,25% of 800 is 200.
S2-NUM-016,Forge_Session2_Generated.csv,Logical Thinking,Series,Numeric,Medium,"In the series 3, 6, 12, 24, ?, what is the next number?",,,,,48,Each term doubles the previous term.
S2-NUM-017,Forge_Session2_Generated.csv,Logical Thinking,Series,Numeric,Medium,"In the series 1, 4, 9, 16, 25, ?, what is the next number?",,,,,36,"This is a series of perfect squares: 1,4,9,16,25,36."
S2-NUM-018,Forge_Session2_Generated.csv,Logical Thinking,Series,Numeric,Hard,"In the series 2, 6, 12, 20, 30, ?, what is the next number?",,,,,42,"The differences between terms increase by 2 each time: 4,6,8,10,12."
S2-NUM-019,Forge_Session2_Generated.csv,Logical Thinking,Puzzles,Numeric,Hard,"A boy has 3 times as many sisters as brothers. If he has 2 brothers, how many sisters does he have?",,,,,6,"With 2 brothers, 3 times that number gives 6 sisters."
S2-NUM-020,Forge_Session2_Generated.csv,Observation,Counting,Numeric,Easy,How many sides does a hexagon have?,,,,,6,A hexagon is a polygon with six sides.
S2-NUM-021,Forge_Session2_Generated.csv,Observation,Counting,Numeric,Easy,How many players are there on a standard football team on the field at one time?,,,,,11,Each football team fields eleven players during a match.
S2-NUM-022,Forge_Session2_Generated.csv,Observation,Counting,Numeric,Medium,How many time zones does mainland India officially use?,,,,,1,"India uses a single time zone, IST, despite its wide east-west span."
S2-NUM-023,Forge_Session2_Generated.csv,Geography,States,Numeric,Medium,How many states does India currently have?,,,,,28,India has 28 states and 8 union territories as per current administrative divisions.
S2-NUM-024,Forge_Session2_Generated.csv,Geography,Borders,Numeric,Medium,With how many countries does India share a land border?,,,,,7,"India shares land borders with Pakistan, China, Nepal, Bhutan, Bangladesh, Myanmar, and Afghanistan."
S2-NUM-025,Forge_Session2_Generated.csv,Geography,Physical Geography,Numeric,Hard,Approximately how many kilometers long is India's coastline?,,,,,7517,"India's coastline spans approximately 7,517 kilometers including island territories."
S2-NUM-026,Forge_Session2_Generated.csv,General Knowledge,Constitution,Numeric,Medium,How many fundamental rights are guaranteed by the Indian Constitution?,,,,,6,"The Constitution originally guaranteed seven; the Right to Property was later removed, leaving six."
S2-NUM-027,Forge_Session2_Generated.csv,General Knowledge,National Symbols,Numeric,Easy,How many spokes does the Ashoka Chakra on the Indian flag have?,,,,,24,"The wheel has 24 spokes, symbolising the eternal wheel of law."
S2-NUM-028,Forge_Session2_Generated.csv,Psychology,OLQ Assessment,Numeric,Medium,How many Officer Like Qualities are typically assessed during the SSB process?,,,,,15,SSB assessors evaluate fifteen distinct qualities across the multi-day process.
S2-NUM-029,Forge_Session2_Generated.csv,Officer Like Qualities,SSB Process,Numeric,Medium,Over how many days does a typical SSB selection process usually run?,,,,,5,"The standard SSB process typically spans five days, including screening, testing, and interviews."
S2-NUM-030,Forge_Session2_Generated.csv,Defence Awareness,Gallantry Awards,Numeric,Hard,Approximately how many Param Vir Chakras have been awarded since India's independence?,,,,,21,India's highest gallantry award has been conferred around 21 times since 1947.
S2-TF-001,Forge_Session2_Generated.csv,Indian Armed Forces,Ranks,TrueFalse,Easy,Field Marshal is the highest rank in the Indian Army.,,,,,TRUE,"It is a five-star rank, conferred only twice in Indian history."
S2-TF-002,Forge_Session2_Generated.csv,Indian Armed Forces,Navy,TrueFalse,Medium,INS Vikrant is India's first indigenously built aircraft carrier.,,,,,TRUE,"Commissioned in 2022, it was built at Cochin Shipyard Limited."
S2-TF-003,Forge_Session2_Generated.csv,Indian Armed Forces,Air Force,TrueFalse,Medium,"The Tejas fighter jet is manufactured by DRDO alone, with no involvement from HAL.",,,,,FALSE,"HAL manufactures the Tejas, though DRDO and other agencies were involved in its design."
S2-TF-004,Forge_Session2_Generated.csv,Indian Armed Forces,Structure,TrueFalse,Medium,The Indian Army has five operational commands.,,,,,FALSE,"The Indian Army has six operational commands and one training command, making seven in total."
S2-TF-005,Forge_Session2_Generated.csv,Indian Armed Forces,Structure,TrueFalse,Easy,The Indian Coast Guard is part of the Indian Navy.,,,,,FALSE,The Coast Guard is a distinct organisation operating under the Ministry of Defence.
S2-TF-006,Forge_Session2_Generated.csv,Military History,Wars,TrueFalse,Medium,The 1965 Indo-Pak War began after Pakistan launched Operation Gibraltar.,,,,,TRUE,"Operation Gibraltar aimed to infiltrate forces into Kashmir, triggering the war."
S2-TF-007,Forge_Session2_Generated.csv,Military History,Wars,TrueFalse,Medium,The 1971 war lasted for more than two months on the eastern front.,,,,,FALSE,The eastern front campaign concluded in just 13 days.
S2-TF-008,Forge_Session2_Generated.csv,Military History,Operations,TrueFalse,Medium,Operation Cactus in 1988 involved Indian forces intervening in Sri Lanka.,,,,,FALSE,Operation Cactus involved intervention in the Maldives to foil a coup attempt.
S2-TF-009,Forge_Session2_Generated.csv,Military History,Awards,TrueFalse,Medium,Captain Vikram Batra was awarded the Param Vir Chakra posthumously for his actions during the Kargil War.,,,,,TRUE,He led the recapture of key peaks including Point 5140 before being killed in action.
S2-TF-010,Forge_Session2_Generated.csv,Defence Awareness,Organisations,TrueFalse,Medium,DRDO stands for Defence Research and Development Organisation.,,,,,TRUE,DRDO is India's primary body for indigenous defence technology development.
S2-TF-011,Forge_Session2_Generated.csv,Defence Awareness,Gallantry Awards,TrueFalse,Medium,The Ashok Chakra is India's highest wartime gallantry award.,,,,,FALSE,The Ashok Chakra is the highest peacetime award; the Param Vir Chakra is the highest wartime award.
S2-TF-012,Forge_Session2_Generated.csv,Defence Awareness,Missiles,TrueFalse,Medium,BrahMos is a subsonic cruise missile.,,,,,FALSE,"BrahMos is a supersonic cruise missile, travelling nearly three times the speed of sound."
S2-TF-013,Forge_Session2_Generated.csv,Defence Awareness,Missiles,TrueFalse,Medium,Agni-V is classified as an intercontinental ballistic missile.,,,,,TRUE,"Agni-V has a range exceeding 5,000 km."
S2-TF-014,Forge_Session2_Generated.csv,Geography,States,TrueFalse,Easy,India shares a land border with Sri Lanka.,,,,,FALSE,India does not share a land border with Sri Lanka; it is separated by the Palk Strait.
S2-TF-015,Forge_Session2_Generated.csv,Geography,Borders,TrueFalse,Medium,India shares a land border with Afghanistan.,,,,,TRUE,India shares a small land border with Afghanistan in the Pakistan-occupied Kashmir region.
S2-TF-016,Forge_Session2_Generated.csv,Geography,Mountains,TrueFalse,Easy,Mount Everest is located within India's territory.,,,,,FALSE,Mount Everest is located on the border of Nepal and China (Tibet).
S2-TF-017,Forge_Session2_Generated.csv,Geography,Rivers,TrueFalse,Medium,The Brahmaputra river flows through Assam.,,,,,TRUE,The Brahmaputra is a major river flowing through the state of Assam.
S2-TF-018,Forge_Session2_Generated.csv,General Knowledge,Constitution,TrueFalse,Medium,The Indian Constitution was adopted on 26 January 1950.,,,,,FALSE,It was adopted by the Constituent Assembly on 26 November 1949 and came into effect on 26 January 1950.
S2-TF-019,Forge_Session2_Generated.csv,General Knowledge,National Symbols,TrueFalse,Easy,The national emblem of India is derived from the Lion Capital of Ashoka at Sarnath.,,,,,TRUE,"The emblem was adopted in 1950, based on the ancient sculpture."
S2-TF-020,Forge_Session2_Generated.csv,Psychology,OLQ Assessment,TrueFalse,Medium,The SSB process assesses candidates using only a written examination.,,,,,FALSE,"SSB uses psychological tests, group tasks, and interviews rather than written exams alone."
S2-TF-021,Forge_Session2_Generated.csv,Officer Like Qualities,OLQ Terms,TrueFalse,Medium,Initiative refers to the willingness to take action without being explicitly told.,,,,,TRUE,Initiative is a core Officer Like Quality assessed throughout the SSB process.
S2-TF-022,Forge_Session2_Generated.csv,Officer Like Qualities,OLQ Terms,TrueFalse,Medium,Social adaptability refers to physical fitness levels of a candidate.,,,,,FALSE,"Social adaptability refers to the ability to adjust to new people and environments, not physical fitness."
S2-TF-023,Forge_Session2_Generated.csv,Logical Thinking,Reasoning,TrueFalse,Medium,"In the series 5, 10, 20, 40, the next number would be 60.",,,,,FALSE,"The series doubles each time, so the next number would be 80."
S2-TF-024,Forge_Session2_Generated.csv,Logical Thinking,Reasoning,TrueFalse,Easy,All squares are rectangles.,,,,,TRUE,A square meets all the properties required to be classified as a rectangle.
S2-TF-025,Forge_Session2_Generated.csv,Basic Mathematics,Arithmetic,TrueFalse,Easy,The square root of 81 is 9.,,,,,TRUE,9 multiplied by itself equals 81.
S2-TF-026,Forge_Session2_Generated.csv,Basic Mathematics,Arithmetic,TrueFalse,Medium,50% of 150 is greater than 25% of 400.,,,,,FALSE,"50% of 150 is 75, while 25% of 400 is 100, so it is not greater."
S2-TF-027,Forge_Session2_Generated.csv,Observation,General Awareness,TrueFalse,Easy,A hexagon has six sides.,,,,,TRUE,A hexagon is defined as a six-sided polygon.
S2-TF-028,Forge_Session2_Generated.csv,Current Affairs,Government Schemes,TrueFalse,Medium,UDAN is a scheme aimed at improving regional air connectivity in India.,,,,,TRUE,UDAN stands for 'Ude Desh ka Aam Naagrik' and promotes affordable regional air travel.
S2-TF-029,Forge_Session2_Generated.csv,Current Affairs,Space,TrueFalse,Medium,India's Mangalyaan mission successfully placed a spacecraft in Mars orbit on its first attempt.,,,,,TRUE,"India became the first country to reach Mars orbit successfully on its first attempt, in 2014."
S2-TF-030,Forge_Session2_Generated.csv,Indian Armed Forces,Academies,TrueFalse,Medium,"The National Defence Academy trains cadets from the Army, Navy, and Air Force together.",,,,,TRUE,NDA provides joint tri-service training before cadets move to service-specific academies.
S2-RR-001,Forge_Session2_Generated.csv,Indian Armed Forces,Quick Recall,RapidResponse,Easy,"Name the tri-service academy where Army, Navy, and Air Force cadets train together.",,,,,National Defence Academy,NDA trains cadets from all three services jointly before further specialised training.
S2-RR-002,Forge_Session2_Generated.csv,Indian Armed Forces,Quick Recall,RapidResponse,Easy,Name India's first indigenously built aircraft carrier.,,,,,INS Vikrant,"Commissioned in 2022, built at Cochin Shipyard Limited."
S2-RR-003,Forge_Session2_Generated.csv,Indian Armed Forces,Quick Recall,RapidResponse,Easy,Name the body that conducts psychological and interview-based officer selection.,,,,,SSB,Services Selection Board conducts the multi-day officer selection process.
S2-RR-004,Forge_Session2_Generated.csv,Indian Armed Forces,Quick Recall,RapidResponse,Medium,Name the Indian Navy's special forces marine commando unit.,,,,,MARCOS,Specialises in amphibious and maritime special operations.
S2-RR-005,Forge_Session2_Generated.csv,Indian Armed Forces,Quick Recall,RapidResponse,Medium,Name the Indian Air Force's aerobatic display team flying Hawk jets.,,,,,Surya Kiran,Performs precision formation flying displays at air shows.
S2-RR-006,Forge_Session2_Generated.csv,Defence Awareness,Quick Recall,RapidResponse,Easy,Name India's highest wartime gallantry award.,,,,,Param Vir Chakra,India's highest military honour for valour in the presence of the enemy.
S2-RR-007,Forge_Session2_Generated.csv,Defence Awareness,Quick Recall,RapidResponse,Medium,Name India's primary indigenous supersonic cruise missile.,,,,,BrahMos,"A joint India-Russia development, among the fastest cruise missiles in the world."
S2-RR-008,Forge_Session2_Generated.csv,Defence Awareness,Quick Recall,RapidResponse,Medium,Name the operation that secured the Siachen Glacier for India in 1984.,,,,,Operation Meghdoot,India occupied key passes ahead of a suspected rival move.
S2-RR-009,Forge_Session2_Generated.csv,Military History,Quick Recall,RapidResponse,Easy,Name the war fought between India and Pakistan in 1999.,,,,,Kargil War,Fought in the high-altitude Kargil sector of Jammu and Kashmir.
S2-RR-010,Forge_Session2_Generated.csv,Military History,Quick Recall,RapidResponse,Medium,Name the war that led to the creation of Bangladesh.,,,,,1971 War,India's decisive victory led to the liberation of East Pakistan.
S2-RR-011,Forge_Session2_Generated.csv,Military History,Quick Recall,RapidResponse,Medium,Name the first recipient of the Param Vir Chakra.,,,,,Major Somnath Sharma,Honoured posthumously for his defence of Badgam in 1947.
S2-RR-012,Forge_Session2_Generated.csv,Geography,Quick Recall,RapidResponse,Easy,Name the ocean that lies to the south of India.,,,,,Indian Ocean,The Indian Ocean forms the southern maritime boundary of the Indian subcontinent.
S2-RR-013,Forge_Session2_Generated.csv,Geography,Quick Recall,RapidResponse,Easy,Name the desert located in the northwestern part of India.,,,,,Thar,"The Thar Desert, also known as the Great Indian Desert, forms a natural border in the northwest."
S2-RR-014,Forge_Session2_Generated.csv,Geography,Quick Recall,RapidResponse,Medium,Name the river on which Guwahati is situated.,,,,,Brahmaputra,A major river flowing through Assam.
S2-RR-015,Forge_Session2_Generated.csv,General Knowledge,Quick Recall,RapidResponse,Easy,Name India's national animal.,,,,,Tiger,The Bengal tiger is India's national animal.
S2-RR-016,Forge_Session2_Generated.csv,General Knowledge,Quick Recall,RapidResponse,Easy,Name India's national bird.,,,,,Peacock,The Indian peafowl is designated as the national bird.
S2-RR-017,Forge_Session2_Generated.csv,General Knowledge,Quick Recall,RapidResponse,Medium,Name the city where India's Constitution was drafted.,,,,,New Delhi,The Constituent Assembly met in New Delhi to draft the Constitution.
S2-RR-018,Forge_Session2_Generated.csv,Psychology,Quick Recall,RapidResponse,Medium,Name the psychological test where candidates write stories based on pictures.,,,,,TAT,"Thematic Apperception Test, part of SSB psychological assessment."
S2-RR-019,Forge_Session2_Generated.csv,Psychology,Quick Recall,RapidResponse,Medium,Name the test where candidates respond with the first word that comes to mind.,,,,,WAT,"Word Association Test, part of SSB psychological assessment."
S2-RR-020,Forge_Session2_Generated.csv,Officer Like Qualities,Quick Recall,RapidResponse,Medium,Name the OLQ that refers to the capability to withstand physical and mental strain.,,,,,Stamina,Stamina is the physical and mental capacity to endure prolonged exertion and pressure.
S2-RR-021,Forge_Session2_Generated.csv,Officer Like Qualities,Quick Recall,RapidResponse,Medium,Name the OLQ that refers to working effectively as part of a group.,,,,,Cooperation,Reflects a candidate's ability to contribute positively within a team.
S2-RR-022,Forge_Session2_Generated.csv,Logical Thinking,Quick Recall,RapidResponse,Easy,Complete the analogy: Bird is to Fly as Fish is to ________.,,,,,Swim,A direct parallel of natural movement associated with each animal.
S2-RR-023,Forge_Session2_Generated.csv,Logical Thinking,Quick Recall,RapidResponse,Medium,"What comes next: 1, 1, 2, 3, 5, 8, ?",,,,,13,"This is the Fibonacci sequence, where each term is the sum of the two before it."
S2-RR-024,Forge_Session2_Generated.csv,Basic Mathematics,Quick Recall,RapidResponse,Easy,What is 9 times 8?,,,,,72,A direct multiplication fact.
S2-RR-025,Forge_Session2_Generated.csv,Basic Mathematics,Quick Recall,RapidResponse,Easy,What is 100 minus 37?,,,,,63,A direct subtraction calculation.
S2-RR-026,Forge_Session2_Generated.csv,Observation,Quick Recall,RapidResponse,Easy,Name the shape with three sides.,,,,,Triangle,A polygon defined by exactly three sides and three angles.
S2-RR-027,Forge_Session2_Generated.csv,Observation,Quick Recall,RapidResponse,Easy,Name the secondary colour formed by mixing red and yellow.,,,,,Orange,Orange is a secondary colour formed by mixing primary colours red and yellow.
S2-RR-028,Forge_Session2_Generated.csv,Current Affairs,Quick Recall,RapidResponse,Medium,Name India's mission that placed a spacecraft in Mars orbit in 2014.,,,,,Mangalyaan,India became the first country to reach Mars orbit on its first attempt.
S2-RR-029,Forge_Session2_Generated.csv,Current Affairs,Quick Recall,RapidResponse,Medium,Name India's first satellite launched into space in 1975.,,,,,Aryabhata,"Aryabhata was India's first indigenous satellite, launched on 19 April 1975."
S2-RR-030,Forge_Session2_Generated.csv,Indian Armed Forces,Quick Recall,RapidResponse,Medium,Name the missile system jointly developed by India and Israel for medium-range air defence.,,,,,Barak-8,Provides extended air defence range for naval ships and land forces.
