id,category,subcategory,difficulty,question_type,question,prompt,answer_data,xp_reward,time_limit,tags,source,active
NLM-281,SSB Fundamentals,SSB Process,Easy,MCQ,Which of the following correctly describes the sequence of events on Day 1 of the SSB selection process?,,"{""options"":[""Medical check then GTO tasks then Conference"",""Officer Intelligence Rating test then PPDT then Screening decision"",""Personal Interview then WAT then SRT"",""Command Task then GD then Final debrief""],""correctIndex"":1,""explanation"":""Day 1 consists of the Screening tests: OIR followed by PPDT. Only those who clear screening proceed further.""}",5,,"[""SSB"",""Day1"",""screening""]",NotebookLM Import,true
NLM-282,OLQs,Officer Like Qualities,Medium,MCQ,Which of the following is NOT one of the 15 Officer Like Qualities assessed during SSB?,,"{""options"":[""Effective Intelligence"",""Reasoning Ability"",""Speed Reading"",""Determination""],""correctIndex"":2,""explanation"":""Speed Reading is not an OLQ. The 15 OLQs include traits like Effective Intelligence Reasoning Ability Organising Ability Determination Initiative and Social Adaptability.""}",10,,"[""OLQ"",""SSB"",""assessment""]",NotebookLM Import,true
NLM-283,Psychological Tests,TAT,Medium,MCQ,In the Thematic Apperception Test what is the recommended structure of the story a candidate writes?,,"{""options"":[""A description of the image only"",""A thought an action and a conclusion"",""A beginning middle and end with a positive outcome"",""A dialogue between characters in the image""],""correctIndex"":2,""explanation"":""TAT stories should have a clear beginning middle and end. They ideally show a positive proactive hero reflecting OLQs like initiative determination and social responsibility.""}",10,,"[""TAT"",""psychological"",""SSB""]",NotebookLM Import,true
NLM-284,GTO Tasks,Group Tasks,Medium,MCQ,Which GTO task specifically tests a candidate ability to lead a group under a defined command structure?,,"{""options"":[""Group Discussion"",""Group Planning Exercise"",""Command Task"",""Progressive Group Task""],""correctIndex"":2,""explanation"":""The Command Task is where a nominated candidate leads 2-3 fellow candidates to complete an obstacle-crossing task directly assessing leadership under defined command.""}",10,,"[""GTO"",""command task"",""leadership""]",NotebookLM Import,true
NLM-285,General Knowledge,Indian Military,Easy,MCQ,Which institution awards the President Colours to outstanding military units in India?,,"{""options"":[""Ministry of Defence"",""Chief of Defence Staff"",""President of India"",""Army Headquarters""],""correctIndex"":2,""explanation"":""The President Colours is presented by the President of India to a unit in recognition of exceptional service.""}",5,,"[""military honours"",""President"",""armed forces""]",NotebookLM Import,true
NLM-286,General Knowledge,Indian Military,Medium,MCQ,Which regiment of the Indian Army is the oldest tracing its lineage to 1776?,,"{""options"":[""Rajput Regiment"",""Madras Regiment"",""Punjab Regiment"",""Grenadiers Regiment""],""correctIndex"":1,""explanation"":""The Madras Regiment is the oldest regiment of the Indian Army raised in 1776 by the East India Company.""}",10,,"[""Army"",""regiments"",""history""]",NotebookLM Import,true
NLM-287,SSB Fundamentals,SSB Process,Hard,MCQ,Which statement about the Self-Description Test in SSB is accurate?,,"{""options"":[""It is conducted on Day 1 as part of screening"",""The candidate describes how parents teachers friends and they themselves see them"",""It replaces the WAT for older candidates"",""Results are not used by the psychologist""],""correctIndex"":1,""explanation"":""In the Self-Description Test candidates write how their parents friends teachers and themselves perceive them revealing self-awareness and social perception.""}",20,,"[""SDT"",""psychological"",""SSB""]",NotebookLM Import,true
NLM-288,Leadership,Officer Traits,Hard,MCQ,An officer leading a patrol comes under unexpected heavy fire with two members wounded. Which action best demonstrates sound military leadership?,,"{""options"":[""Retreat immediately to report back to base"",""Suppress fire secure the wounded and request extraction while maintaining mission awareness"",""Abandon the patrol objective and focus only on the wounded"",""Call for immediate air support without assessing the situation""],""correctIndex"":1,""explanation"":""Sound military leadership requires simultaneous handling of multiple priorities: suppressing the threat caring for wounded personnel and maintaining situational awareness.""}",20,,"[""leadership"",""military"",""decision making""]",NotebookLM Import,true
NLM-289,General Knowledge,NDA/CDS,Medium,MCQ,The Combined Defence Services examination is conducted by which organisation?,,"{""options"":[""NDA Board"",""Ministry of Defence"",""Union Public Service Commission"",""Army Headquarters""],""correctIndex"":2,""explanation"":""UPSC conducts the CDS examination for entry into the Indian Military Academy Officers Training Academy Naval Academy and Air Force Academy.""}",10,,"[""CDS"",""UPSC"",""exam""]",NotebookLM Import,true
NLM-290,SSB Fundamentals,SSB Process,Medium,MCQ,What is the purpose of the Initial Obstacle Test conducted before GTO group tasks begin?,,"{""options"":[""It is a written test on military knowledge"",""It is a physical confidence test done individually to reduce hesitation and observe confidence"",""It assesses verbal communication only"",""It is conducted on Day 5""],""correctIndex"":1,""explanation"":""The Initial Obstacle Test is a physical confidence-building exercise done individually before GTO group tasks begin to reduce hesitation and observe physical confidence.""}",10,,"[""GTO"",""IOT"",""SSB""]",NotebookLM Import,true
NLM-291,Decision Making,Ethics,Hard,MCQ,An officer discovers that a superior is falsifying operational records. The most appropriate course of action is to:,,"{""options"":[""Ignore it to preserve the command relationship"",""Confront the superior officer publicly"",""Report the matter through proper channels to the next senior authority"",""Leak it to the press for accountability""],""correctIndex"":2,""explanation"":""Integrity requires reporting misconduct through proper military channels not public confrontation ignoring it or bypassing the chain of command through the press.""}",20,,"[""ethics"",""integrity"",""decision making""]",NotebookLM Import,true
NLM-292,Interview Prep,Personal Interview,Medium,MCQ,What is the primary purpose of the Personal Interview in the SSB selection process?,,"{""options"":[""To test academic knowledge"",""To assess personality OLQs and officer-like potential through conversation"",""To verify factual information in the PIF"",""To rank candidates against each other""],""correctIndex"":1,""explanation"":""The PI assesses personality social skills life experiences self-awareness and officer-like potential not just academic knowledge or PIF verification.""}",10,,"[""interview"",""SSB"",""PI""]",NotebookLM Import,true
NLM-293,General Knowledge,Indian Military,Easy,MCQ,What is the motto of the Indian Military Academy?,,"{""options"":[""Service Before Self"",""Valour and Wisdom"",""The Safety Honour and Welfare of Your Country Come First Always"",""Nanyat Sreyo Hi Vidyate""],""correctIndex"":2,""explanation"":""The motto of IMA is: The Safety Honour and Welfare of Your Country Come First Always - a foundational principle for all commissioned officers.""}",5,,"[""IMA"",""motto"",""officer""]",NotebookLM Import,true
NLM-294,Communication,Body Language,Medium,MCQ,Which of the following best describes appropriate body language during the SSB personal interview?,,"{""options"":[""Leaning back to appear relaxed"",""Sitting upright maintaining eye contact and speaking clearly"",""Nodding continuously to show agreement"",""Avoiding eye contact to show humility""],""correctIndex"":1,""explanation"":""Sitting upright with natural eye contact and clear speech projects confidence composure and communication ability which are key traits assessed at SSB.""}",10,,"[""communication"",""interview"",""body language""]",NotebookLM Import,true
NLM-295,General Knowledge,Indian Military,Hard,MCQ,Which Indian Chief of Army Staff initiated Project Vijayee Bhav to focus on mental and physical fitness of troops?,,"{""options"":[""General Bipin Rawat"",""General M.M. Naravane"",""General V.P. Malik"",""General Deepak Kapoor""],""correctIndex"":1,""explanation"":""General M.M. Naravane initiated Project Vijayee Bhav as a holistic fitness initiative during his tenure as Chief of Army Staff.""}",20,,"[""Army"",""COAS"",""fitness""]",NotebookLM Import,true
NLM-296,SSB Fundamentals,OIR,Medium,MCQ,Which of the following best describes the purpose of the Officer Intelligence Rating test at SSB?,,"{""options"":[""To assess physical endurance"",""To measure verbal and non-verbal intelligence for officer suitability"",""To test knowledge of current affairs"",""To evaluate group leadership potential""],""correctIndex"":1,""explanation"":""The OIR test measures verbal and non-verbal intelligence to assess a candidate cognitive capacity and reasoning ability which are prerequisites for officer-level work.""}",10,,"[""OIR"",""intelligence"",""screening""]",NotebookLM Import,true
NLM-297,Leadership,Situational Leadership,Hard,MCQ,According to Situational Leadership Theory which leadership style is most appropriate when a follower is highly competent but lacks confidence?,,"{""options"":[""Directing high task low relationship"",""Coaching high task high relationship"",""Supporting low task high relationship"",""Delegating low task low relationship""],""correctIndex"":2,""explanation"":""Supporting style is best for competent but low-confidence followers. The leader provides encouragement and involvement rather than detailed instruction.""}",20,,"[""leadership"",""situational"",""theory""]",NotebookLM Import,true
NLM-298,General Knowledge,Indian Military,Medium,MCQ,Which award ranks third after Param Vir Chakra and Maha Vir Chakra for wartime gallantry?,,"{""options"":[""Ashok Chakra"",""Vir Chakra"",""Shaurya Chakra"",""Kirti Chakra""],""correctIndex"":1,""explanation"":""The Vir Chakra is the third-highest wartime gallantry award after the Param Vir Chakra and Maha Vir Chakra.""}",10,,"[""awards"",""gallantry"",""military""]",NotebookLM Import,true
NLM-299,OLQs,Social Effectiveness,Medium,MCQ,Which scenario best demonstrates the OLQ of Social Adaptability?,,"{""options"":[""Refusing to change your position during GD to maintain consistency"",""Adjusting communication style to be understood by both juniors and seniors"",""Avoiding interaction with members from different backgrounds"",""Completing assigned tasks ahead of schedule""],""correctIndex"":1,""explanation"":""Social Adaptability is the ability to adjust behaviour and communication to different people contexts and cultures essential for an officer working with diverse troops.""}",10,,"[""OLQ"",""social adaptability"",""communication""]",NotebookLM Import,true
NLM-300,Decision Making,Ethical Dilemmas,Hard,MCQ,An officer receives a direct order that he believes will result in unnecessary civilian casualties. The most appropriate action is to:,,"{""options"":[""Comply immediately without question"",""Refuse publicly to demonstrate moral courage"",""Seek clarification and express concern through the chain of command before execution"",""Carry out the order and report afterwards""],""correctIndex"":2,""explanation"":""The correct approach is to seek clarification and express concerns formally before execution. This reflects both integrity and discipline.""}",20,,"[""ethics"",""decision making"",""military law""]",NotebookLM Import,true
